page,ga_whatsapp_clicks_30d,inbox_enquiries_owner,sales_closed_owner,notes
# Phase 4 click->sale reconciliation. GA4 property 530833097 (curious-tails), whatsapp_click by pagePath, 2026-08-26..2026-09-24.
# GA sees the CLICK only. Fill inbox_enquiries_owner + sales_closed_owner from the real WhatsApp inbox weekly.
# The gap between ga_whatsapp_clicks and sales_closed is where the perceived "50% sales drop" actually lives.
/available-puppies/,43,,,
/,23,,,
/puppies/mini-dachshund/,21,,,
/puppies/cavapoo/,17,,,
/puppies/toy-poodle/,14,,,
/puppies/westie/,11,,,
/puppies/pomsky/,9,,,
/puppies/shiba-inu/,9,,,
/puppies/bichon-frise/,8,,,
/puppies/corgi/,8,,,
/puppies/goldendoodle/,8,,,
/puppies/bichonpoo/,7,,,
/puppies/sheltie/,7,,,
/first-time-owners/breed-selector/,6,,,
/puppies/border-collie/,6,,,
/puppies/maltese/,6,,,
/puppies/siberian-husky/,6,,,
/puppies/golden-retriever/,5,,,
/puppies/maltipoo/,5,,,
/contact/,4,,,
/pricing/,4,,,
/puppies/chihuahua/,4,,,
/puppies/chow-chow/,4,,,
/puppies/cockapoo/,4,,,
/puppies/jack-russell-terrier/,4,,,
/puppies/samoyed/,4,,,
/puppies/coton-de-tulear/,3,,,
/puppies/italian-greyhound/,3,,,
/puppies/french-bulldog/,2,,,
/puppies/pekingese/,2,,,
/puppies/scottish-terrier/,2,,,
/starter-kit/,2,,,
/puppies/chihuahua-and-others-tail,1+,,,see GA for the long tail of 1-click pages
